product_name,brand,price,category_code,sub_category,description,mood_code_number,image_name,filter_color,filter_style,filter_space,mood_code,discount_rate,discount_price,is_popular,is_new,is_best
BOLLSIDAN 볼시단 노트북스탠드 - 화이트 68x36 cm,Mood Code,99900,LIVING_ROOM_TABLE,기타테이블,집 전체에서 다양한 활동에 사용할 수 있는 유연한 만능 솔루션이에요. 가스 스프링 장치를 사용해 높이를 조절할 수 있어요. 전선이 연결되어 있지 않아 필요한 공간 어디로든 쉽게 테이블을 옮길 수 있죠. 앉아서 또는 서서 사용할 수 있습니다. 장시간 같은 자세에서 오는 피로감을 덜어주며 집중력도 높여줍니다. 받침대가 얇고 드러나지 않는 바퀴가 있어 소파나 침대 밑으로 쉽게 굴려 넣을 수 있어요. 멜라민 표면은 내구성이 좋고 얼룩이 지지 않아서 관리가 편합니다.,MC-LT-001,605.578.02.jpg,화이트,all,living,all,10,89910,,,
HOLMERUD 홀메루드 보조테이블 - 참나무무늬 80x31 cm,Mood Code,99900,LIVING_ROOM_TABLE,보조테이블,"깔끔하고 세련된 건축 형식 덕분에 방이 개성 있게 연출되고 커피테이블의 존재감이 돋보입니다. 소파의 팔걸이 길이에 꼭 맞춰 세울 수 있도록 제작되었지만, 벽에 기대어 설치할 수도 있습니다. 보조테이블을 추가해 소파 모서리 주변으로 배치하거나 소파 뒤로 낮은 수납공간을 멋지게 구성해 보세요. 이 테이블의 디자인 덕분에 오픈 수납공간에 물건을 정리하여 쉽게 꺼내어 쓸 수 있고 진열하기에도 좋습니다. 테이블상판 최대 하중: 15kg.",MC-LT-002,005.414.23.jpg,우드,fall,living,fall,10,89910,,,
HOLMERUD 홀메루드 보조테이블 - 다크브라운 80x31 cm,Mood Code,99900,LIVING_ROOM_TABLE,보조테이블,"깔끔하고 세련된 건축 형식 덕분에 방이 개성 있게 연출되고 커피테이블의 존재감이 돋보입니다. 소파의 팔걸이 길이에 꼭 맞춰 세울 수 있도록 제작되었지만, 벽에 기대어 설치할 수도 있습니다. 보조테이블을 추가해 소파 모서리 주변으로 배치하거나 소파 뒤로 낮은 수납공간을 멋지게 구성해 보세요. 이 테이블의 디자인 덕분에 오픈 수납공간에 물건을 정리하여 쉽게 꺼내어 쓸 수 있고 진열하기에도 좋습니다. 테이블상판 최대 하중: 15kg.",MC-LT-003,505.407.08.jpg,우드,fall,living,fall,10,89910,,,
BJÖRKÅSEN 비에르코센 노트북스탠드 - 베이지,Mood Code,29900,LIVING_ROOM_TABLE,기타테이블,집 전체에서 다양한 활동에 사용할 수 있는 유연한 만능 솔루션이에요. BJÖRKÅSEN 비에르코센 노트북스탠드를 사용하면 상단을 쉽게 기울이고 높이를 조절해 편안한 자세로 작업할 수 있어요. 접기가 쉬워 좁은 공간에도 보관할 수 있어요. 상단을 기울이기만 하면 됩니다. 함께 구성된 컵홀더를 하부프레임에 끼워 항상 커피나 음료를 손닿는 가까이에 두세요. 테이블 상판의 최대 하중: 10kg.,MC-LT-004,104.764.79.jpg,베이지,all,living,all,10,26910,,,
BJÖRKÅSEN 비에르코센 노트북스탠드 - 옐로그린,Mood Code,29900,LIVING_ROOM_TABLE,기타테이블,집 전체에서 다양한 활동에 사용할 수 있는 유연한 만능 솔루션이에요. BJÖRKÅSEN 비에르코센 노트북스탠드를 사용하면 상단을 쉽게 기울이고 높이를 조절해 편안한 자세로 작업할 수 있어요. 접기가 쉬워 좁은 공간에도 보관할 수 있어요. 상단을 기울이기만 하면 됩니다. 함께 구성된 컵홀더를 하부프레임에 끼워 항상 커피나 음료를 손닿는 가까이에 두세요. 테이블 상판의 최대 하중: 10kg.,MC-LT-005,706.364.27.jpg,그린,summer,living,summer,10,26910,,,
BRUKSVARA 브룩스바라 보조테이블 - 화이트 42x30 cm,Mood Code,29900,LIVING_ROOM_TABLE,보조테이블,가벼워서 쉽게 옮길 수 있습니다. 집 안 곳곳에서 다양한 활동을 위해 사용할 수 있는 유연하고 활용도 높은 솔루션이에요. 플라스틱 다리받침이 있어서 바닥에 흠집이 생기지 않습니다. 테이블 상판의 최대 하중: 10kg.,MC-LT-006,805.560.62.jpg,화이트,all,living,all,10,26910,,,
BRUKSVARA 브룩스바라 보조테이블 - 앤트러싸이트 42x30 cm,Mood Code,29900,LIVING_ROOM_TABLE,보조테이블,가벼워서 쉽게 옮길 수 있습니다. 집 안 곳곳에서 다양한 활동을 위해 사용할 수 있는 유연하고 활용도 높은 솔루션이에요. 플라스틱 다리받침이 있어서 바닥에 흠집이 생기지 않습니다. 테이블 상판의 최대 하중: 10kg.,MC-LT-007,905.582.30.jpg,블랙,fall,living,fall,10,26910,,,
BRUKSVARA 브룩스바라 보조테이블 - 블루 42x30 cm,Mood Code,24900,LIVING_ROOM_TABLE,보조테이블,가벼워서 쉽게 옮길 수 있습니다. 집 안 곳곳에서 다양한 활동을 위해 사용할 수 있는 유연하고 활용도 높은 솔루션이에요. 플라스틱 다리받침이 있어서 바닥에 흠집이 생기지 않습니다. 테이블 상판의 최대 하중: 10kg.,MC-LT-008,105.582.29.jpg,블루,summer,living,summer,10,22410,,,
GLADOM 글라돔 트레이테이블 - 라이트블루 45x53 cm,Mood Code,24900,LIVING_ROOM_TABLE,트레이테이블,"트레이를 빼서 쟁반으로 사용할 수도 있습니다. 테두리가 있어서 옮기기 쉽고 유리잔이나 그릇이 밖으로 떨어지지 않습니다. 구멍에 맞출 필요 없이 트레이를 테이블 프레임 위에 곧바로 올려놓을 수 있어서 사용 후 트레이를 되돌려 놓기가 쉬워요. 내구성이 뛰어난 파우더코팅 강철 표면은 청소가 쉽고, 은은하고 매력적인 반사가 특징인 매끄러운 새틴 마감으로 완성했습니다. 테이블을 쉽게 들어 필요한 곳으로 옮길 수 있습니다. 실내 사용 전용. 테이블 상판의 최대 하중: 10kg.",MC-LT-009,905.340.03.jpg,블루,summer,living,summer,10,22410,,,
GLADOM 글라돔 트레이테이블 - 화이트 45x53 cm,Mood Code,24900,LIVING_ROOM_TABLE,트레이테이블,"트레이를 빼서 쟁반으로 사용할 수도 있습니다. 테두리가 있어서 옮기기 쉽고 유리잔이나 그릇이 밖으로 떨어지지 않습니다. 구멍에 맞출 필요 없이 트레이를 테이블 프레임 위에 곧바로 올려놓을 수 있어서 사용 후 트레이를 되돌려 놓기가 쉬워요. 내구성이 뛰어난 파우더코팅 강철 표면은 청소가 쉽고, 은은하고 매력적인 반사가 특징인 매끄러운 새틴 마감으로 완성했습니다. 트레이, 다리, 하단 십자가 형태의 균형 잡힌 비율이 다리의 두께와 트레이 사이에 멋스러운 대비를 만들어냅니다.",MC-LT-010,503.378.20.jpg,화이트,all,living,all,10,22410,,,
GLADOM 글라돔 트레이테이블 - 다크그레이-그린 45x53 cm,Mood Code,24900,LIVING_ROOM_TABLE,트레이테이블,"트레이를 빼서 쟁반으로 사용할 수도 있습니다. 테두리가 있어서 옮기기 쉽고 유리잔이나 그릇이 밖으로 떨어지지 않습니다. 구멍에 맞출 필요 없이 트레이를 테이블 프레임 위에 곧바로 올려놓을 수 있어서 사용 후 트레이를 되돌려 놓기가 쉬워요. 내구성이 뛰어난 파우더코팅 강철 표면은 청소가 쉽고, 은은하고 매력적인 반사가 특징인 매끄러운 새틴 마감으로 완성했습니다. 테이블을 쉽게 들어 필요한 곳으로 옮길 수 있습니다. 실내 사용 전용.",MC-LT-011,505.784.52.jpg,그레이,winter,living,winter,10,22410,,,
GLADOM 글라돔 트레이테이블 - 블랙 45x53 cm,Mood Code,24900,LIVING_ROOM_TABLE,트레이테이블,"트레이를 빼서 쟁반으로 사용할 수도 있습니다. 테두리가 있어서 옮기기 쉽고 유리잔이나 그릇이 밖으로 떨어지지 않습니다. 구멍에 맞출 필요 없이 트레이를 테이블 프레임 위에 곧바로 올려놓을 수 있어서 사용 후 트레이를 되돌려 놓기가 쉬워요. 내구성이 뛰어난 파우더코팅 강철 표면은 청소가 쉽고, 은은하고 매력적인 반사가 특징인 매끄러운 새틴 마감으로 완성했습니다. 트레이, 다리, 하단 십자가 형태의 균형 잡힌 비율이 다리의 두께와 트레이 사이에 멋스러운 대비를 만들어냅니다.",MC-LT-012,004.119.97.jpg,블랙,winter,living,winter,10,22410,,,
GRIMSARBO 그림사르보 보조테이블 - 소나무 합판/브라이트레드,Mood Code,24900,LIVING_ROOM_TABLE,보조테이블,테이블 상판 아래에 안경과 책처럼 자주 사용하는 물건을 보관해 보세요. 이렇게 하면 물건을 순서대로 정리하고 테이블 위를 깔끔하게 유지할 수 있어요. 테이블 상판은 가운데 구멍을 사용하여 물건을 숨기거나 꺼낼 때 쉽게 분리할 수 있어요. 테이블을 쉽게 들어 필요한 곳으로 옮길 수 있습니다. 금속과 원목으로 만들었어요. 오래 가는 튼튼하고 유행을 타지 않는 소재죠. 다리받침의 높이를 조절할 수 있어서 고르지 않은 바닥에도 안정적으로 세울 수 있습니다.,MC-LT-013,306.061.68.jpg,핑크,spring,living,spring,10,22410,,,
GRIMSARBO 그림사르보 보조테이블 - 소나무 합판/블랙,Mood Code,24900,LIVING_ROOM_TABLE,보조테이블,테이블 상판 아래에 안경과 책처럼 자주 사용하는 물건을 보관해 보세요. 이렇게 하면 물건을 순서대로 정리하고 테이블 위를 깔끔하게 유지할 수 있어요. 테이블 상판은 가운데 구멍을 사용하여 물건을 숨기거나 꺼낼 때 쉽게 분리할 수 있어요. 테이블을 쉽게 들어 필요한 곳으로 옮길 수 있습니다. 금속과 원목으로 만들었어요. 오래 가는 튼튼하고 유행을 타지 않는 소재죠. 다리받침의 높이를 조절할 수 있어서 고르지 않은 바닥에도 안정적으로 세울 수 있습니다. 실내 사용 전용.,MC-LT-014,706.061.66.jpg,블랙,winter,living,winter,10,22410,,,
OLSERÖD 올세뢰드 보조테이블 - 앤트러싸이트/자작나무 효과 다크옐로 53x50 cm,Mood Code,39900,LIVING_ROOM_TABLE,보조테이블,이 다용도 테이블은 소파에서 즐기는 다양한 활동에 맞게 약간 높은 보조테이블에서 낮은 커피테이블로 순식간에 바꿀 수 있어요. 보조테이블의 스마트한 디자인 덕분에 테이블상판을 무릎 위로 끌어당기면 TV를 보면서 제대로 된 저녁 식사를 즐길 수 있어요. 음식을 쏟거나 다리가 하부프레임에 걸릴까 걱정하지 않아도 돼요. 테이블은 쉽게 들어서 옮길 수 있기 때문에 암체어 옆에 두거나 독서 공간에 두는 등 다양한 공간과 상황에서 사용할 수 있어요.,MC-LT-015,804.820.52.jpg,옐로우,summer,living,summer,10,35910,,,
OLSERÖD 올세뢰드 보조테이블 - 앤트러싸이트/다크그레이 53x50 cm,Mood Code,39900,LIVING_ROOM_TABLE,보조테이블,"이 다용도 테이블은 소파에서 즐기는 다양한 활동에 맞게 약간 높은 보조테이블에서 낮은 커피테이블로 순식간에 바꿀 수 있어요. 보조테이블의 스마트한 디자인 덕분에 테이블상판을 무릎 위로 끌어당기면 TV를 보면서 제대로 된 저녁 식사를 즐길 수 있어요. 음식을 쏟거나 다리가 하부프레임에 걸릴까 걱정하지 않아도 돼요. 깔끔한 모양, 인더스트리얼 감성, 톤다운된 색상의 이 테이블은 대부분의 데코와 잘 어우러지며 집 안 전체에 멋진 디자인 요소를 더해줘요.",MC-LT-016,205.309.18.jpg,블랙,winter,living,winter,10,35910,,,
NESNA 네스나 침대협탁 - 대나무 36x35 cm,Mood Code,39900,LIVING_ROOM_TABLE,기타테이블,대나무는 내구성이 좋은 천연 소재입니다. 취급주의! 가장자리가 손상되거나 표면이 긁혔을 경우 유리가 갑자기 금이 가거나 깨질 수 있습니다 측면으로 부딪히지 않도록 해 주세요. 측면이 가장 취약한 부분입니다.,MC-LT-017,202.471.28.jpg,우드,fall,living,fall,10,35910,,,
KNARREVIK 크나레비크 침대협탁 - 블랙 37x28x45 cm,Mood Code,39900,LIVING_ROOM_TABLE,기타테이블,"용접 연결 없이 금속 막대로 이루어진 구조로 조립이 간단하고 모던한 느낌을 연출할 수 있습니다. 테이블 상판 아래를 실용적인 수납공간으로 활용할 수 있습니다. 좁은 공간에서도 사용할 수 있습니다. 가벼워서 쉽게 옮길 수 있습니다. 실내 사용 전용. 이 테이블은 가벼운 비가정용 사용 환경을 기준으로 테스트를 거쳤으며, EN 15372 표준에 명시된 안전성, 내구성 및 안정성 요건에 부합합니다.",MC-LT-018,805.763.19.jpg,블랙,winter,living,winter,10,35910,,,
UGGLERUM 우글레룸 보조테이블 - 브라운 46x40 cm,Mood Code,89900,LIVING_ROOM_TABLE,보조테이블,"클래식한 미드센추리 디자인에서 영감을 얻었으며, 깔끔한 라인, 수공예 느낌의 세심한 디테일, 따스하면서 세련된 호두나무 색감을 자랑합니다. 은은한 곡선과 원형 가장자리가 돋보이는 조각품 형태가 디자인에 다른 차원의 특별함을 더합니다. 필요에 따라 쉽게 놓는 자리를 바꿔보세요. 상판을 몸 가까이로 당기고 싶으면 하단 부분을 암체어나 소파 아래로 밀어 넣으면 돼요. 동일한 느낌의 커피테이블과 조합하면 일관된 느낌으로 연출할 수 있죠. 테이블상판 최대 하중: 15kg.",MC-LT-019,206.279.82.jpg,우드,fall,living,fall,10,80910,,,
HATTÅSEN 하토센 침대협탁/선반유닛 - 화이트,Mood Code,89900,LIVING_ROOM_TABLE,기타테이블,두 선반 모두 테두리가 높아서 테이블을 옮길 때도 물건이 떨어질 염려가 없어요. 테이블 한쪽에 손잡이가 있어 청소할 때 쉽게 옮길 수 있어요. 플랫팩 하나에 가볍고 실용적으로 포장되어 있어서 손쉽게 집으로 가져오고 원하는 곳 어디든 이동할 수 있어요. 좁은 공간에서도 사용할 수 있습니다.,MC-LT-020,605.699.80.jpg,화이트,all,living,all,10,80910,,,
VITTSJÖ 빗셰 노트북스탠드 - 화이트/유리 35x65 cm,Mood Code,39900,LIVING_ROOM_TABLE,기타테이블,"강화유리와 메탈 소재를 사용하여 내구성이 뛰어나고 경쾌한 느낌을 줍니다. 취급주의! 가장자리가 손상되거나 표면이 긁혔을 경우 유리가 갑자기 금이 가거나 깨질 수 있습니다 측면으로 부딪히지 않도록 해 주세요. 측면이 가장 취약한 부분입니다. 공공장소에서 사용할 수 있도록 개발되었으며 EN 12521 및 EN 1730의 안전성 및 내구성, 안정성 기준에 부합하는 테이블입니다. 지역사회의 규칙에 따라 재활용 또는 에너지 회수를 위해 분리 배출할 수 있습니다.",MC-LT-021,703.034.47.jpg,화이트,all,living,all,10,35910,,,
VITTSJÖ 빗셰 노트북스탠드 - 블랙브라운/유리 35x65 cm,Mood Code,39900,LIVING_ROOM_TABLE,기타테이블,"강화유리와 메탈 소재를 사용하여 내구성이 뛰어나고 경쾌한 느낌을 줍니다. 취급주의! 가장자리가 손상되거나 표면이 긁혔을 경우 유리가 갑자기 금이 가거나 깨질 수 있습니다 측면으로 부딪히지 않도록 해 주세요. 측면이 가장 취약한 부분입니다. 공공장소에서 사용할 수 있도록 개발되었으며 EN 12521 및 EN 1730의 안전성 및 내구성, 안정성 기준에 부합하는 테이블입니다. 지역사회의 규칙에 따라 재활용 또는 에너지 회수를 위해 분리 배출할 수 있습니다.",MC-LT-022,802.502.50.jpg,블랙,winter,living,winter,10,35910,,,
BORGEBY 보리에뷔 보조테이블 - 자작나무무늬목 46 cm,Mood Code,99900,LIVING_ROOM_TABLE,보조테이블,"부드럽고 둥근 디자인이 심플하면서 세련된 우아함을 선사하여 테이블의 균형과 조화가 더욱 돋보입니다. 공공장소에서 사용하기에 적합합니다. 다재다능한 보조테이블을 커피테이블과 침대협탁으로 사용할 수 있어요. 어떤 용도로 사용할지는 상상력에 달려 있어요! 각진 곳 없이 둥글고 통풍이 잘되는 모양과 매끄러운 표면, 천연 자재가 어우러져 다양한 거실에서의 생활 패턴과 인테리어에 적합한 테이블이에요. 편리한 크기와 가벼운 무게 덕분에 테이블을 필요한 위치로 쉽게 옮길 수 있어요.",MC-LT-023,606.198.81.jpg,우드,fall,living,fall,10,89910,,,
BORGEBY 보리에뷔 보조테이블 - 블랙 46 cm,Mood Code,99900,LIVING_ROOM_TABLE,보조테이블,"부드럽고 둥근 디자인이 심플하면서 세련된 우아함을 선사하여 테이블의 균형과 조화가 더욱 돋보입니다. 공공장소에서 사용하기에 적합합니다. 다재다능한 보조테이블을 커피테이블과 침대협탁으로 사용할 수 있어요. 어떤 용도로 사용할지는 상상력에 달려 있어요! 각진 곳 없이 둥글고 통풍이 잘되는 모양과 매끄러운 표면, 천연 자재가 어우러져 다양한 거실에서의 생활 패턴과 인테리어에 적합한 테이블이에요. 편리한 크기와 가벼운 무게 덕분에 테이블을 필요한 위치로 쉽게 옮길 수 있어요.",MC-LT-024,206.198.83.jpg,블랙,winter,living,winter,10,89910,,,
GRÅFJÄLLET 그로피엘레트 침대협탁 - 화이트 45x36x59 cm,Mood Code,99900,LIVING_ROOM_TABLE,기타테이블,"깔끔하고 대담한 선과 눈에 띠는 금속 조인트 및 부속품 등의 디테일은 일반 공장과 산업 현장에서 영감을 얻었어요. 기본 기능이 갖춰진 가구를 찾고 있든, 무언가로 집에 약간의 가공되지 않은 빈티지한 느낌을 연출하고 싶든, 튼튼한 금속 소재를 사용한 덕분에 다양한 스타일에 잘 어우러집니다. 침대협탁은 방에 차분한 분위기를 연출하는 도어 수납공간과 자주 사용하는 물건을 쉽게 꺼낼 수 있는 2단 오픈 수납공간으로 구성되어 있습니다. 실내 사용 전용.",MC-LT-025,805.831.07.jpg,화이트,all,living,all,10,89910,,,
GRÅFJÄLLET 그로피엘레트 침대협탁 - 앤트러싸이트 45x36x59 cm,Mood Code,99900,LIVING_ROOM_TABLE,기타테이블,"깔끔하고 대담한 선과 눈에 띠는 금속 조인트 및 부속품 등의 디테일은 일반 공장과 산업 현장에서 영감을 얻었어요. 기본 기능이 갖춰진 가구를 찾고 있든, 무언가로 집에 약간의 가공되지 않은 빈티지한 느낌을 연출하고 싶든, 튼튼한 금속 소재를 사용한 덕분에 다양한 스타일에 잘 어우러집니다. 침대협탁은 방에 차분한 분위기를 연출하는 도어 수납공간과 자주 사용하는 물건을 쉽게 꺼낼 수 있는 2단 오픈 수납공간으로 구성되어 있습니다. 실내 사용 전용.",MC-LT-026,405.702.20.jpg,블랙,fall,living,fall,10,89910,,,
LACK 라크 보조테이블 - 화이트 35x35 cm,Mood Code,9000,LIVING_ROOM_TABLE,보조테이블,"다양한 필요에 맞게 사용할 수 있는 디자인의 화이트 LACK 라크 테이블이에요. 집안의 다른 가구와 매치하기도 쉽습니다. 벌집모양 종이 구조로 이루어져 가벼우면서도 견고합니다. 집에 쉽게 가져가 원하는 곳에 두고, 집 전체로 편리하게 옮길 수 있어요. 테이블을 단독으로 사용할 수도, 더 큰 LACK 라크 테이블(55x55cm) 아래로 밀어 넣어 네스팅테이블로 활용할 수도 있어요. 사용하지 않을 때는 이렇게 공간을 절약해보세요. 테이블 상판의 최대 하중: 10kg.",MC-LT-027,105.147.92.jpg,화이트,all,living,all,10,8100,,,
VALNÄS 발네스 수납트롤리테이블 - 참나무무늬목,Mood Code,229000,LIVING_ROOM_TABLE,기타테이블,"부드러운 원형의 세련된 트롤리는 근사한 디자인을 자랑하며, 서빙할 때 실용적이에요. 트레이의 가장자리에 높이를 적용하여 특별한 느낌을 선사하고 물건이 떨어지지 않도록 방지합니다. 윗단 트레이를 들어 올려 테이블이나 쿠션형스툴, 풋스툴로 가져갈 수 있어요. 하단의 플라스틱 패드 덕분에 테이블 상판을 보호할 수 있으며, 트레이를 들어 올릴 때 손을 트레이 아래로 밀어 넣어 쉽게 분리할 수 있습니다. 하단 트레이에 태블릿과 잡지, 책을 수납하여 항상 가까이에 둘 수 있어요.",MC-LT-028,706.280.31.jpg,우드,fall,living,fall,10,206100,,,
BRÄNNBOLL 브렌볼 이동식선반유닛 - 화이트 56x62 cm,Mood Code,229000,LIVING_ROOM_TABLE,기타테이블,"선반유닛은 게임 장비에 맞춰 구성할 수 있어요. 칸막이를 가로나 세로 방향으로 배치할 수 있는 덕분이죠. 고무 스트랩, 후크, 브래킷, 측면 보관함에 게임 장비와 케이블을 정리할 수 있으므로 모니터에서 플레이 시작을 알리는 순간에 필요한 물건을 곧장 찾을 수 있어요. 좌우측에 장착할 수 있는 측면 보관함에는 작은 게임용품을 넣어 두거나 좋아하는 게임 타이틀을 수납해 바꿔가며 즐길 수 있습니다. 선반당 최대 하중: 15kg 후크당 최대 하중: 2kg.",MC-LT-029,405.862.59.jpg,화이트,all,living,all,10,206100,,,
PERJOHAN 페리오한 수납스툴 - 소나무,Mood Code,229000,LIVING_ROOM_TABLE,기타테이블,"수납공간이 있는 이 튼튼한 나무 스툴을 식탁 옆에 두거나, 침실에서 협탁으로 활용하거나, 앉을 데가 필요한 곳에 두세요. 수납공간이 있어서 공간을 효과적으로 활용할 수 있어요. 상단에 컷아웃 손잡이가 있어서 스툴을 필요한 곳으로 쉽게 이동할 수 있어요. 소나무 원목으로 만든 이 가구는 자연스러운 특색이 가득해요. 독특한 나뭇결과 색감 변화 덕분에 단 하나뿐인 특별함을 자랑합니다. 가공하지 않은 원목은 그 자체로 아름답지만, 좋아하는 색을 칠해서 개성 있게 꾸밀 수도 있어요.",MC-LT-030,405.013.21.jpg,우드,fall,living,fall,10,206100,,,
BAGGBODA 바그보다 보조테이블 - 화이트 71x50 cm,Mood Code,89900,LIVING_ROOM_TABLE,보조테이블,다양한 Mood Code의 클래식 아이템이 새로운 모습으로 재탄생한 Nytillverkad 뉘틸베르카드 컬렉션의 일부예요. 1971년 카탈로그에 CROMI 크로미라는 이름과 잘 어울리는 카린 모브링(Karin Mobring)의 커피테이블이 출시되었어요. Nytillverkad 뉘틸베르카드 컬렉션에서는 BAGGBODA 바그보다라는 이름으로 선보입니다.,MC-LT-031,605.708.27.jpg,화이트,all,living,all,10,80910,,,
BURVIK 부르비크 보조테이블 - 화이트 38 cm,Mood Code,34900,LIVING_ROOM_TABLE,보조테이블,보조테이블은 가볍고 작아서 한 손으로도 충분히 들 수 있으며 손잡이가 있기 때문에 집안 어디로든 간편하게 옮길 수 있습니다. 손잡이가 구부러져 있어 쥐기 편하고 물건을 올려둔 채 테이블을 옮겨도 균형을 잡기 좋습니다. 손잡이가 높아서 테이블에 각종 병과 꽃병 등을 올려놓아도 불편하지 않습니다. 보조테이블 상판 가장자리에는 높은 턱이 있어서 테이블을 옮겨도 올려놓은 물건이 떨어지지 않습니다. 투명래커 처리한 표면은 간편하게 닦아낼 수 있으며 때가 타지 않습니다. 실내 사용 전용.,MC-LT-032,203.403.91.jpg,화이트,all,living,all,10,31410,,,
BURVIK 부르비크 보조테이블 - 블랙 38 cm,Mood Code,34900,LIVING_ROOM_TABLE,보조테이블,보조테이블은 가볍고 작아서 한 손으로도 충분히 들 수 있으며 손잡이가 있기 때문에 집안 어디로든 간편하게 옮길 수 있습니다. 손잡이가 구부러져 있어 쥐기 편하고 물건을 올려둔 채 테이블을 옮겨도 균형을 잡기 좋습니다. 손잡이가 높아서 테이블에 각종 병과 꽃병 등을 올려놓아도 불편하지 않습니다. 보조테이블 상판 가장자리에는 높은 턱이 있어서 테이블을 옮겨도 올려놓은 물건이 떨어지지 않습니다. 투명래커 처리한 표면은 간편하게 닦아낼 수 있으며 때가 타지 않습니다. 실내 사용 전용.,MC-LT-033,003.403.87.jpg,블랙,winter,living,winter,10,31410,,,
STOCKHOLM 2025 스톡홀름 2025 보조테이블 - 소나무무늬목 블랙 40 cm,Mood Code,99900,LIVING_ROOM_TABLE,보조테이블,"현대적인 스칸디나비아 디자인으로, 꾸밈없는 자연 소재를 사용하고 세련되고 우아한 모양입니다. 블랙 유약 마감이 자연스러운 나뭇결의 근사한 매력이 돋보이도록 해주며, 집에 세련된 느낌을 더합니다. 단독으로 사용해도 근사하고, STOCKHOLM 스톡홀름 시리즈의 다른 가구와 함께 사용하면 통일된 스타일을 연출할 수 있어요. 보조테이블은 물건을 올려놓거나 애장품을 진열하는 데 사용하기 좋아요. 테이블상판 최대 하중: 15kg.",MC-LT-034,105.865.62.jpg,우드,winter,living,winter,10,89910,,,
STOCKHOLM 2025 스톡홀름 2025 보조테이블 - 소나무무늬목 내추럴 40 cm,Mood Code,99900,LIVING_ROOM_TABLE,보조테이블,"현대적인 스칸디나비아 디자인으로, 꾸밈없는 자연 소재를 사용하고 세련되고 우아한 모양입니다. 단독으로 사용해도 근사하고, STOCKHOLM 스톡홀름 시리즈의 다른 가구와 함께 사용하면 통일된 스타일을 연출할 수 있어요. 보조테이블은 물건을 올려놓거나 애장품을 진열하는 데 사용하기 좋아요. 테이블 상단의 하단에는 테이블의 나머지 부분과 마찬가지로 세심하게 엄선한 동일한 무늬목을 사용했어요. 이 덕분에 어느 각도로 집에 배치해도 근사합니다.",MC-LT-035,705.865.64.jpg,우드,fall,living,fall,10,89910,,,
HOL 홀 보조테이블 - 아카시아나무 50x50 cm,Mood Code,59900,LIVING_ROOM_TABLE,보조테이블,천연 원목 소재로 내구성이 뛰어납니다. 테이블 상판 아래를 실용적인 수납공간으로 활용할 수 있습니다. 테이블 상판의 최대 하중: 10kg. 본 제품은 재생이 가능하며 에너지를 재생하는데 사용할 수도 있습니다.,MC-LT-036,903.530.21.jpg,우드,fall,living,fall,10,53910,,,
STOCKHOLM 스톡홀름 커피테이블 - 호두나무무늬목 180x59 cm,Mood Code,379000,LIVING_ROOM_TABLE,커피테이블,"호두나무 무늬목 상판과 호두나무 원목다리로 구성된 제품으로 따뜻하고 자연스러운 느낌을 줍니다. 호두나무 무늬목의 나뭇결이 각각 달라서 테이블마다 조금씩 다른 개성을 느낄 수 있습니다. 호두나무는 튼튼한 천연 소재입니다. 여기에 표면을 래커 코팅해 내구성을 더욱 높였죠. 신문과 리모컨, 작은 물건들을 아래쪽 선반에 넣어두면 찾아 헤맬 필요가 없습니다. 테이블상판 최대 하중: 20kg. 본 제품은 재생이 가능하며 에너지를 재생하는데 사용할 수도 있습니다.",MC-LT-037,903.530.78.jpg,우드,fall,living,fall,10,341100,,,
FRÖTORP 프뢰토르프 커피테이블 - 화이트 크롬도금/화이트 유리 88 cm,Mood Code,179000,LIVING_ROOM_TABLE,커피테이블,"유리 테이블 상판, 크롬 다리, 대리석 무늬가 있는 하단의 진열 공간 등 섬세한 느낌과 내구성이 우수한 소재가 조합되어 있어요. 이 모든 요소가 클래식한 개성을 더합니다. 화이트 FRÖTORP 프뢰토르프 커피테이블은 깔끔한 라인과 둥근 모양을 자랑하며 간결하고 부드러운 느낌을 선사합니다. 유리 테이블 상판에는 음료와 스낵, 기타 간식을 놓을 공간이 있어요. 진열 공간은 가까이 두고 싶은 다른 물건을 정리하기에 완벽해요. 테이블상판 최대 하중: 20kg.",MC-LT-038,906.220.90.jpg,화이트,all,living,all,10,161100,,,
FRÖTORP 프뢰토르프 커피테이블 - 앤트러싸이트 대리석 효과/블랙 유리 88 cm,Mood Code,179000,LIVING_ROOM_TABLE,커피테이블,"다양한 소재와 마감으로 만든 사려 깊은 디자인이에요. 스모크 유리 테이블 상판과 파우더 코팅 처리한 스틸 소재의 관형 다리, 하단의 대리석 무늬 진열 공간이 테이블을 특별하게 만들어줍니다. 유리 테이블 상판에는 음료와 스낵, 기타 간식을 놓을 공간이 있어요. 진열 공간은 가까이 두고 싶은 다른 물건을 정리하기에 완벽해요. 블랙 FRÖTORP 프뢰토르프 보조테이블과 조합해 역동적인 공간을 만들고 테이블을 더 넓게 사용하세요.",MC-LT-039,504.975.83.jpg,블랙,winter,living,winter,10,161100,,,
VITTSJÖ 빗셰 커피테이블 - 라이트베이지/유리 75 cm,Mood Code,79900,LIVING_ROOM_TABLE,커피테이블,"금속과 유리, 목재가 조합된 간결한 디자인이 섬세하면서 따스한 느낌을 연출합니다. 유리 상판에는 음료와 스낵, 기타 간식을 놓을 공간이 있어요. 호두나무 선반은 가까이 두고 싶은 모든 다른 물건을 두기에 완벽해요. 강화유리 상판은 얼룩이 잘 생기지 않고 청소도 편합니다. 강화유리 테이블상판은 얼룩이 잘 생기지 않고 청소가 편합니다. 유리 테이블 상판 주변으로 섬세하게 가공한 가장자리 덕분에 유리가 잘 고정됩니다. 테이블 상판의 최대 하중: 10kg.",MC-LT-040,506.043.47.jpg,베이지,all,living,all,10,71910,,,
VITTSJÖ 빗셰 커피테이블 - 블랙브라운/유리 75 cm,Mood Code,79900,LIVING_ROOM_TABLE,커피테이블,"금속과 유리가 조합된 간결한 디자인이 섬세하고 모던한 느낌을 연출합니다. 유리 상판에는 음료와 스낵, 기타 간식을 놓을 공간이 있어요. 선반은 가까이 두고 싶은 모든 다른 물건을 두기에 완벽해요. 강화유리 테이블상판은 얼룩이 잘 생기지 않고 청소가 편합니다. 선반의 양면이 블랙과 블랙브라운으로 구성되어 있어서 원하는 색상을 선택할 수 있습니다. 유리 테이블 상판 주변으로 섬세하게 가공한 가장자리 덕분에 유리가 잘 고정됩니다. 테이블 상판의 최대 하중: 10kg.",MC-LT-041,002.133.13.jpg,블랙,winter,living,winter,10,71910,,,
LACK 라크 커피테이블 - 화이트 90x55 cm,Mood Code,29900,LIVING_ROOM_TABLE,커피테이블,잡지 등을 수납할 수 있는 별도의 선반이 있어 물건도 정리할 수 있고 테이블 위도 깔끔해집니다. 테이블상판 최대 하중: 20kg. 본 제품은 재생이 가능하며 에너지를 재생하는데 사용할 수도 있습니다. LACK 시리즈의 제품들과 조합 가능.,MC-LT-042,704.499.06.jpg,화이트,all,living,all,10,26910,,,
LACK 라크 커피테이블 - 블랙브라운 90x55 cm,Mood Code,29900,LIVING_ROOM_TABLE,커피테이블,"잡지 등을 수납할 수 있는 별도의 선반이 있어 물건도 정리할 수 있고 테이블 위도 깔끔해집니다. 어디든 간편하게 옮길 수 있으며, 다양한 용도로 사용할 수 있습니다. 다른 가구와도 잘 어울려 인테리어가 보다 쉬워집니다. 테이블이 가볍고 견고해서 원하는 곳으로 쉽게 옮길 수 있습니다. 쉽게 조립할 수 있습니다. 테이블상판 최대 하중: 20kg. LACK 시리즈의 제품들과 조합 가능.",MC-LT-043,203.529.87.jpg,블랙,winter,living,winter,10,26910,,,
LACK 라크 커피테이블 - 화이트스테인 참나무무늬 90x55 cm,Mood Code,29900,LIVING_ROOM_TABLE,커피테이블,"잡지 등을 수납할 수 있는 별도의 선반이 있어 물건도 정리할 수 있고 테이블 위도 깔끔해집니다. 어디든 간편하게 옮길 수 있으며, 다양한 용도로 사용할 수 있습니다. 다른 가구와도 잘 어울려 인테리어가 보다 쉬워집니다. 테이블이 가볍고 견고해서 원하는 곳으로 쉽게 옮길 수 있습니다. 쉽게 조립할 수 있습니다. 테이블상판 최대 하중: 20kg. LACK 시리즈의 제품들과 조합 가능.",MC-LT-044,904.315.33.jpg,화이트,all,living,all,10,26910,,,
BORGEBY 보리에뷔 커피테이블 - 자작나무무늬목 70 cm,Mood Code,129000,LIVING_ROOM_TABLE,커피테이블,"BORGEBY 보리에뷔 수납테이블은 우아하고 심플하며 세련된 디자인과 조화를 이루고 균형 잡힌 매력이 돋보입니다. 각진 곳 없이 둥글고 통풍이 잘되는 모양과 매끄러운 표면, 천연 자재가 어우러져 다양한 거실에서의 생활 패턴과 인테리어에 적합한 테이블이에요. 테이블상판 아래에 편리한 수납공간이 있어 가까이 두되 깔끔하게 정돈하고 싶은 물건을 보관할 수 있어요. 깔끔하게 정돈하면서 공간에 시각적인 평온함을 더해주는 간편한 방법이죠. 테이블상판 최대 하중: 20kg.",MC-LT-045,704.494.02.jpg,우드,fall,living,fall,10,116100,,,
BORGEBY 보리에뷔 커피테이블 - 블랙 70 cm,Mood Code,129000,LIVING_ROOM_TABLE,커피테이블,"BORGEBY 보리에뷔 수납테이블은 우아하고 심플하며 세련된 디자인과 조화를 이루고 균형 잡힌 매력이 돋보입니다. 각진 곳 없이 둥글고 통풍이 잘되는 모양과 매끄러운 표면, 천연 자재가 어우러져 다양한 거실에서의 생활 패턴과 인테리어에 적합한 테이블이에요. 테이블상판 아래에 편리한 수납공간이 있어 가까이 두되 깔끔하게 정돈하고 싶은 물건을 보관할 수 있어요. 깔끔하게 정돈하면서 공간에 시각적인 평온함을 더해주는 간편한 방법이죠. 테이블상판 최대 하중: 20kg.",MC-LT-046,105.003.56.jpg,블랙,winter,living,winter,10,116100,,,
HOLMERUD 홀메루드 커피테이블 - 참나무무늬 90x55 cm,Mood Code,129000,LIVING_ROOM_TABLE,커피테이블,"깔끔하고 세련된 건축 디자인 덕분에 방이 개성 있게 연출되고 커피테이블의 존재감이 돋보입니다. 이 커피테이블의 디자인 덕분에 오픈 수납공간에 물건을 정리하여 쉽게 꺼내어 쓸 수 있고 진열하기에도 좋습니다. HOLMERUD 홀메루드 시리즈에 포함된 보조테이블을 사용하면 커피테이블의 부족한 수납을 보완할 수 있으니, 필요에 따라 두 테이블을 멋지게 조합해 보세요. 테이블상판 최대 하중: 15kg. HOLMERUD 홀메루드 시리즈의 다른 제품과 함께 사용할 수 있습니다.",MC-LT-047,205.300.94.jpg,우드,fall,living,fall,10,116100,,,
HOLMERUD 홀메루드 커피테이블 - 다크브라운 90x55 cm,Mood Code,129000,LIVING_ROOM_TABLE,커피테이블,"깔끔하고 세련된 건축 디자인 덕분에 방이 개성 있게 연출되고 커피테이블의 존재감이 돋보입니다. 이 커피테이블의 디자인 덕분에 오픈 수납공간에 물건을 정리하여 쉽게 꺼내어 쓸 수 있고 진열하기에도 좋습니다. HOLMERUD 홀메루드 시리즈에 포함된 보조테이블을 사용하면 커피테이블의 부족한 수납을 보완할 수 있으니, 필요에 따라 두 테이블을 멋지게 조합해 보세요. 테이블상판 최대 하중: 15kg. HOLMERUD 홀메루드 시리즈의 다른 제품과 함께 사용할 수 있습니다.",MC-LT-048,805.414.19.jpg,우드,fall,living,fall,10,116100,,,
JAKOBSFORS 야콥스포르스 커피테이블 - 다크브라운 스테인 참나무 무늬목 80 cm,Mood Code,149000,LIVING_ROOM_TABLE,커피테이블,"JAKOBSFORS 야콥스포르스 커피테이블은 유행을 타지 않는 심플한 디자인과 둥근 테이블상판, 약간 나팔 모양으로 된 다리가 조화롭고도 개성 있는 분위기를 연출합니다. 나뭇결이 살아 있는 목재 베니어 테이블 상판과 원목 다리가 돋보이는 이 테이블은 공간에 따뜻한 자연의 느낌을 더해줍니다. 게다가 테이블의 세련된 룩은 다양한 가구와 잘 어울려서 필요와 스타일이 바뀌어도 오랫동안 사용할 수 있죠. 테이블상판 최대 하중: 20kg.",MC-LT-049,305.151.68.jpg,우드,fall,living,fall,10,134100,,,
GUTTANE 구타네 커피테이블 - 참나무 116x39 cm,Mood Code,229000,LIVING_ROOM_TABLE,커피테이블,다양한 Mood Code의 클래식 아이템이 새로운 모습으로 재탄생한 Nytillverkad 뉘틸베르카드 컬렉션의 일부예요. 질리지 않는 디자인과 현대적인 기능이 결합된 커피테이블이에요. 어디에 두어도 우아한 느낌을 더해줍니다. GUTTANE 구타네 사이드테이블과 완벽하게 매치됩니다. 테이블상판 최대 하중: 25kg. 제품 위에 앉지 마세요.,MC-LT-050,205.877.21.jpg,우드,fall,living,fall,10,206100,,,
LACK 라크 커피테이블 - 블랙브라운 118x78 cm,Mood Code,59900,LIVING_ROOM_TABLE,커피테이블,잡지 등을 수납할 수 있는 별도의 선반이 있어 물건도 정리할 수 있고 테이블 위도 깔끔해집니다. 테이블상판 최대 하중: 20kg. 본 제품은 재생이 가능하며 에너지를 재생하는데 사용할 수도 있습니다. LACK 시리즈의 제품들과 조합 가능.,MC-LT-051,803.529.51.jpg,블랙,winter,living,winter,10,53910,,,
LACK 라크 커피테이블 - 화이트 118x78 cm,Mood Code,59900,LIVING_ROOM_TABLE,커피테이블,잡지 등을 수납할 수 있는 별도의 선반이 있어 물건도 정리할 수 있고 테이블 위도 깔끔해집니다. 테이블상판 최대 하중: 20kg. 본 제품은 재생이 가능하며 에너지를 재생하는데 사용할 수도 있습니다. LACK 시리즈의 제품들과 조합 가능.,MC-LT-052,404.498.99.jpg,화이트,all,living,all,10,53910,,,
LACK 라크 커피테이블 - 화이트스테인 참나무무늬 118x78 cm,Mood Code,59900,LIVING_ROOM_TABLE,커피테이블,"잡지 등을 수납할 수 있는 별도의 선반이 있어 물건도 정리할 수 있고 테이블 위도 깔끔해집니다. 어디든 간편하게 옮길 수 있으며, 다양한 용도로 사용할 수 있습니다. 다른 가구와도 잘 어울려 인테리어가 보다 쉬워집니다. 테이블이 가볍고 견고해서 원하는 곳으로 쉽게 옮길 수 있습니다. 쉽게 조립할 수 있습니다. 테이블상판 최대 하중: 20kg. 본 제품은 재생이 가능하며 에너지를 재생하는데 사용할 수도 있습니다. LACK 시리즈의 제품들과 조합 가능.",MC-LT-053,204.315.36.jpg,화이트,all,living,all,10,53910,,,
STOCKHOLM 2025 스톡홀름 2025 커피테이블 - 참나무무늬목 유리,Mood Code,349000,LIVING_ROOM_TABLE,커피테이블,"현대적인 스칸디나비아 디자인으로, 꾸밈없는 자연 소재를 사용하고 세련되고 우아한 모양입니다. 신중하게 고른 참나무 무늬목으로 만든 다리와 테이블 프레임, 유리 상판이 결합되어 따뜻하면서도 경쾌한 느낌을 줍니다. 유리 상판 주변으로 모서리를 높게 적용하여 물건이 테이블 아래로 떨어지지 않아요. 단독으로 사용해도 근사하고, STOCKHOLM 스톡홀름 시리즈의 다른 가구와 함께 사용하면 통일된 스타일을 연출할 수 있어요. 테이블상판 최대 하중: 15kg.",MC-LT-054,005.865.53.jpg,우드,fall,living,fall,10,314100,,,
"UGGLERUM 우글레룸 커피테이블/보조테이블, 2개 세트 - 호두나무무늬목/브라운",Mood Code,288900,LIVING_ROOM_TABLE,커피테이블,"클래식한 미드센추리 디자인에서 영감을 얻었으며, 깔끔한 라인, 수공예 느낌의 세심한 디테일, 따스하면서 세련된 호두나무 색감을 자랑합니다. 커피테이블 상판이 넉넉하여 가족, 친구와 모여 어울리는 공간으로 딱 맞아요. 공간이 넉넉해 스낵과 간단한 요리, 음료를 올려도 충분해요. 필요에 따라 보조테이블 자리를 쉽게 바꿔보세요. 상판을 몸 가까이로 당기고 싶으면 하단 부분을 암체어나 소파 아래로 밀어 넣으면 돼요.",MC-LT-055,296.224.28.jpg,우드,fall,living,fall,10,260010,,,
STOCKHOLM 2025 스톡홀름 2025 커피테이블 - 참나무무늬목 다크브라운,Mood Code,249000,LIVING_ROOM_TABLE,커피테이블,"현대적인 스칸디나비아 디자인으로, 꾸밈없는 자연 소재를 사용하고 세련되고 우아한 모양입니다. 이 커피테이블은 공간이 넉넉하여 손님이 왔을 때 간식을 차리거나, 소파에서 혼자만의 여유를 만끽할 때 잡지와 책을 펼쳐 놓기에 좋아요. 테이블 상판의 무늬목 결이 네 방향으로 나 있어 질감이 더 돋보이는 패턴입니다. 참나무 원목 다리와 무늬목 테두리 띠의 세로로 난 결이 일체형처럼 매끄럽게 연결돼요. 테이블상판 최대 하중: 20kg.",MC-LT-056,305.865.56.jpg,우드,fall,living,fall,10,224100,,,
VITTSJÖ 빗셰 네스팅테이블2종 - 블랙브라운/유리 90x50 cm,Mood Code,89900,LIVING_ROOM_TABLE,네스팅테이블,"금속과 유리가 조합된 간결한 디자인이 섬세하고 모던한 느낌을 연출합니다. 유리 선반에는 표지가 근사한 책과 초록 식물, 기타 장식품을 놓을 수 있어요. 낮은 테이블의 선반에는 가까이 두고 싶은 물건을 정리해 보세요. 방에서 쉽게 배치를 바꿀 수 있고, 함께 또는 따로 사용할 수 있습니다. 낮은 테이블은 높은 테이블 아래에 쉽게 밀어 넣을 수 있어요. 역동적인 느낌을 연출하거나 공간을 절약할 수 있습니다. 강화유리 상판은 얼룩이 잘 생기지 않고 청소도 편합니다.",MC-LT-057,602.153.33.jpg,블랙,winter,living,winter,10,80910,,,
VITTSJÖ 빗셰 네스팅테이블2종 - 라이트베이지/유리 90x50 cm,Mood Code,89900,LIVING_ROOM_TABLE,네스팅테이블,"금속과 유리, 목재가 조합된 간결한 디자인이 섬세하면서 따스한 느낌을 연출합니다. 유리 선반에는 표지가 근사한 책, 초록 식물, 기타 장식품을 놓을 수 있어요. 호두나무 선반에는 쉽게 꺼내 쓸 수 있는 물건을 두면 돼요. 아니면, 이와 반대로 정리할 수 있습니다. 방에서 쉽게 배치를 바꿀 수 있고, 함께 또는 따로 사용할 수 있습니다. 낮은 테이블은 높은 테이블 아래에 쉽게 밀어 넣을 수 있어요. 역동적인 느낌을 연출하거나 공간을 절약할 수 있습니다.",MC-LT-058,106.043.49.jpg,베이지,all,living,all,10,80910,,,
ÖSTAVALL 외스타발 조절식 커피테이블 - 블랙 90 cm,Mood Code,179000,LIVING_ROOM_TABLE,커피테이블,이 커피테이블은 거실에 기능성을 더해줄 뿐 아니라 원할 때마다 편안한 높이로 테이블상판을 올리거나 내릴 수 있어 다양한 활동으로 쉽게 전환할 수 있어요. 테이블상판 아래에 전선정리를 위한 공간이 있어 전자 제품을 쉽게 충전하고 전선을 깔끔하게 숨겨둘 수 있어요. 완벽한 크기의 수납함으로 숨겨진 수납공간을 필요에 따라 꾸미면 거실을 더 깔끔하게 정돈할 수 있어요. 커피테이블의 깔끔한 직선 라인이 모던한 느낌을 줍니다. 테이블 상판의 최대 하중: 10kg.,MC-LT-059,205.341.53.jpg,블랙,winter,living,winter,10,161100,,,
ÖSTAVALL 외스타발 조절식 커피테이블 - 화이트 90 cm,Mood Code,179000,LIVING_ROOM_TABLE,커피테이블,이 커피테이블은 거실에 기능성을 더해줄 뿐 아니라 원할 때마다 편안한 높이로 테이블상판을 올리거나 내릴 수 있어 다양한 활동으로 쉽게 전환할 수 있어요. 테이블상판 아래에 전선정리를 위한 공간이 있어 전자 제품을 쉽게 충전하고 전선을 깔끔하게 숨겨둘 수 있어요. 완벽한 크기의 수납함으로 숨겨진 수납공간을 필요에 따라 꾸미면 거실을 더 깔끔하게 정돈할 수 있어요. 커피테이블의 깔끔한 직선 라인이 모던한 느낌을 줍니다. 테이블 상판의 최대 하중: 10kg.,MC-LT-060,005.341.54.jpg,화이트,all,living,all,10,161100,,,
TONSTAD 톤스타드 커피테이블 - 오프화이트 84x82 cm,Mood Code,199000,LIVING_ROOM_TABLE,커피테이블,완충 기능이 내장되어 있어 서랍이 조용하고 부드럽게 닫힙니다. 서랍이 있어서 물건을 쉽게 정리할 수 있어요. 테이블상판 최대 하중: 20kg.,MC-LT-061,704.915.61.jpg,화이트,all,living,all,10,179100,,,
MOXBODA 목스보다 커피테이블 - 접이식/대나무 70 cm,Mood Code,69900,LIVING_ROOM_TABLE,커피테이블,접이식 제품으로 편하게 보관할 수 있습니다. 대나무는 내구성이 높고 재사용이 가능하며 지속 가능한 소재입니다. 이 테이블은 조립할 필요가 없어요. 집에 가자마자 바로 사용할 수 있죠. 테이블상판 최대 하중: 15kg.,MC-LT-062,905.430.88.jpg,우드,fall,living,fall,10,62910,,,
HOL 홀 수납테이블 - 아카시아나무 98x50 cm,Mood Code,89900,LIVING_ROOM_TABLE,기타테이블,천연 원목 소재로 내구성이 뛰어납니다. 테이블 상판 아래를 실용적인 수납공간으로 활용할 수 있습니다. 테이블 상판의 최대 하중: 10kg. 본 제품은 재생이 가능하며 에너지를 재생하는데 사용할 수도 있습니다.,MC-LT-063,703.530.22.jpg,우드,fall,living,fall,10,80910,,,
LACK 라크 커피테이블 - 화이트 70x40 cm,Mood Code,19900,LIVING_ROOM_TABLE,커피테이블,쉽게 조립할 수 있습니다. 가벼워서 쉽게 옮길 수 있습니다. 테이블상판 최대 하중: 20kg. LACK 시리즈의 제품들과 조합 가능.,MC-LT-064,003.612.28.jpg,화이트,all,living,all,10,17910,,,
UGGLERUM 우글레룸 커피테이블 - 호두나무무늬목 130x65 cm,Mood Code,199000,LIVING_ROOM_TABLE,커피테이블,"클래식한 미드센추리 디자인에서 영감을 얻었으며, 깔끔한 라인, 수공예 느낌의 세심한 디테일, 따스하면서 세련된 호두나무 색감을 자랑합니다. 공공장소에서 사용하기에 적합합니다. 점점 좁아지는 형태와 노출된 다리 구조 덕분에 디자인 요소가 한층 더 돋보입니다. 상판이 넉넉하여 가족, 친구와 모여 어울리는 공간으로 딱 맞아요. 공간이 넉넉해 스낵과 간단한 요리, 음료를 올려도 충분해요. 동일한 느낌의 보조테이블과 조합하면 일관된 느낌으로 연출할 수 있죠.",MC-LT-065,806.279.79.jpg,우드,fall,living,fall,10,179100,,,
JÄTTESTA 예테스타 커피테이블 - 화이트/라이트 대나무 80x80 cm,Mood Code,169000,LIVING_ROOM_TABLE,커피테이블,"이 정사각형 커피테이블은 실용적인 가구인 동시에 시선을 사로잡는 매력을 느끼게 합니다. 테이블상판 아래에는 오픈 선반이 있어서 좋아하는 물건, 수납함으로 디스플레이하고 디자인하는 데 사용할 수 있고, 그냥 비워 둘 수도 있어요. 테이블 자체가 장식품이 되는 거죠. 소재를 믹스해서 모던한 개성을 표현하세요. 대나무 선반은 둥글고 메탈 다리가 측면에서 45도 각도로 나와 있어 둥근 느낌을 더해주고 있어요. 테이블상판 최대 하중: 30kg.",MC-LT-066,105.387.93.jpg,화이트,all,living,all,10,152100,,,
JÄTTESTA 예테스타 커피테이블 - 블랙 80x80 cm,Mood Code,169000,LIVING_ROOM_TABLE,커피테이블,"이 정사각형 커피테이블은 실용적인 가구인 동시에 시선을 사로잡는 매력을 느끼게 합니다. 테이블상판 아래에는 오픈 선반이 있어서 좋아하는 물건, 수납함으로 디스플레이하고 디자인하는 데 사용할 수 있고, 그냥 비워 둘 수도 있어요. 테이블 자체가 장식품이 되는 거죠. 소재를 믹스해서 모던한 개성을 표현하세요. 대나무 선반은 둥글고 메탈 다리가 측면에서 45도 각도로 나와 있어 둥근 느낌을 더해주고 있어요. 테이블상판 최대 하중: 30kg.",MC-LT-067,605.219.12.jpg,블랙,winter,living,winter,10,152100,,,
STOCKHOLM 스톡홀름 네스팅테이블2종 - 호두나무무늬목,Mood Code,249000,LIVING_ROOM_TABLE,네스팅테이블,호두나무 무늬목 상판과 호두나무 원목다리로 구성된 제품으로 따뜻하고 자연스러운 느낌을 줍니다. 호두나무 무늬목의 나뭇결이 각각 달라서 테이블마다 조금씩 다른 개성을 느낄 수 있습니다. 호두나무는 튼튼한 천연 소재입니다. 여기에 표면을 래커 코팅해 내구성을 더욱 높였죠. 나뭇잎 모양의 테이블로 방을 꾸며보세요. 따로따로 사용할 수도 있고 두 개를 붙여서 커피테이블로 사용할 수도 있습니다. 테이블 상판의 최대 하중: 10kg.,MC-LT-068,703.530.79.jpg,우드,fall,living,fall,10,224100,,,
KRAGSTA 크락스타 커피테이블 - 화이트 90 cm,Mood Code,199000,LIVING_ROOM_TABLE,커피테이블,"원형테이블로 트레이와 커피, 차 등을 놓을 수 있는 공간이 충분합니다. 깔끔한 디자인을 자랑하며 어디에나 쉽게 놓을 수 있습니다. 제품구성에 포함된 플라스틱 다리받침을 사용하면 바닥에 흠집이  생기지 않습니다. KRAGSTA/크락스타 커피테이블은 같은 시리즈의 네스팅테이블과도 잘 어울려요. 테이블상판 최대 하중: 20kg.",MC-LT-069,303.530.57.jpg,화이트,all,living,all,10,179100,,,
KRAGSTA 크락스타 커피테이블 - 블랙 90 cm,Mood Code,199000,LIVING_ROOM_TABLE,커피테이블,"원형테이블로 트레이와 커피, 차 등을 놓을 수 있는 공간이 충분합니다. 깔끔한 디자인을 자랑하며 어디에나 쉽게 놓을 수 있습니다. 테이블 다리는 내구성이 뛰어난 천연 소재인 원목으로 제작되었습니다. 제품구성에 포함된 플라스틱 다리받침을 사용하면 바닥에 흠집이  생기지 않습니다. KRAGSTA/크락스타 커피테이블은 같은 시리즈의 네스팅테이블과도 잘 어울려요. 테이블상판 최대 하중: 20kg.",MC-LT-070,503.530.56.jpg,블랙,winter,living,winter,10,179100,,,
SONHULT 손훌트 네스팅테이블2종 - 그레이/호두나무 무늬,Mood Code,79900,LIVING_ROOM_TABLE,네스팅테이블,"이 가벼운 네스팅테이블 두 개가 있으면 똑소리 나게 제한된 바닥 공간을 사용할 수 있어요. 이 테이블의 일부를 포개거나, 따로 사용하거나, 전체를 겹치면 공간을 절약할 수 있으니까요. 정사각형 테이블 상판 혹은 직사각형 테이블 상판에 더 긴 다리를 간편하게 조립할 수 있어요. 원하는 대로 바꾸기도 쉽습니다. 실내에서만 사용하세요. 구성품: 테이블 상판 2개(55x55cm/70x40cm), 다리 8개(높이 38cm/45cm).",MC-LT-071,505.842.93.jpg,그레이,winter,living,winter,10,71910,,,
KVISTBRO 크비스트브로 수납테이블 - 화이트 44 cm,Mood Code,39900,LIVING_ROOM_TABLE,기타테이블,"담요, 쿠션, 실 등 무엇이든 편리하게 보관하세요. 아무것도 넣지 않아도 개방감을 주며 넓어 보이는 느낌을 연출할 수 있어요. 탄탄한 이 메탈 소재 바구니는 가볍고 경쾌한 느낌을 선사할 뿐 아니라 쉽게 들어 올려 원하는 위치에 두고 사용할 수 있어요. 수납테이블은 커피테이블, 보조테이블, 침대협탁 등 다용도로 사용할 수 있죠. 손잡이가 달려 있어서 테이블상판을 쉽게 들어올려 바구니 속의 물건을 꺼낼 수 있어요. 테이블 상판의 최대 하중: 10kg.",MC-LT-072,103.494.53.jpg,화이트,all,living,all,10,35910,,,
KVISTBRO 크비스트브로 수납테이블 - 블랙 44 cm,Mood Code,39900,LIVING_ROOM_TABLE,기타테이블,"담요, 쿠션, 실 등 무엇이든 편리하게 보관하세요. 아무것도 넣지 않아도 개방감을 주며 넓어 보이는 느낌을 연출할 수 있어요. 탄탄한 이 메탈 소재 바구니는 가볍고 경쾌한 느낌을 선사할 뿐 아니라 쉽게 들어 올려 원하는 위치에 두고 사용할 수 있어요. 수납테이블은 커피테이블, 보조테이블, 침대협탁 등 다용도로 사용할 수 있죠. 손잡이가 달려 있어서 테이블상판을 쉽게 들어올려 바구니 속의 물건을 꺼낼 수 있어요. 테이블 상판의 최대 하중: 10kg.",MC-LT-073,704.804.02.jpg,블랙,winter,living,winter,10,35910,,,
BESTÅ 베스토 수납콤비네이션+도어 - 화이트/라프비켄/스투바르프 화이트 120x42x74 cm,Mood Code,192000,LIVING_ROOM_TABLE,기타테이블,"10년 품질보증을 제공합니다. 자세한 내용은 품질보증서의 약관에서 확인하세요. 조절식 경첩으로 도어의 방향을 자유롭게 선택할 수 있습니다. 선반의 높이와 간격을 조절하여 나에게 꼭 맞는 수납공간을 만들 수 있습니다. 도어는 보호와 장식, 두 가지 기능이 있습니다. 우리 집과 수납콤비네이션에 잘 어울리는 도어를 골라보세요. 터치식 경첩과 완충기능을 갖추고 있어서 살짝만 밀어도 조용하고 부드럽게 닫힙니다. 손잡이는 별도 구매입니다.",MC-LT-074,692.098.27.jpg,화이트,all,living,all,10,172800,,,
BESTÅ 베스토 수납콤비네이션+도어 - 블랙브라운 헤데비켄/스투바르프/다크브라운 스테인 참나무 무늬목 120x42x74 cm,Mood Code,272000,LIVING_ROOM_TABLE,기타테이블,10년 품질보증을 제공합니다. 자세한 내용은 품질보증서의 약관에서 확인하세요. HEDEVIKEN 헤데비켄 도어의 뚜렷한 나뭇결을 이용해 BESTÅ 베스토 제품에 독특하고 다양한 패턴을 만들어 보세요. 조절식 경첩으로 도어의 방향을 자유롭게 선택할 수 있습니다. 선반의 높이와 간격을 조절하여 나에게 꼭 맞는 수납공간을 만들 수 있습니다. 손잡이는 별도 구매입니다.,MC-LT-075,494.328.99.jpg,블랙,winter,living,winter,10,244800,,,
BESTÅ 베스토 수납콤비네이션+도어 - 화이트/비에르셰비켄/스투바르프 자작나무무늬목 120x42x74 cm,Mood Code,272000,LIVING_ROOM_TABLE,기타테이블,10년 품질보증을 제공합니다. 자세한 내용은 품질보증서의 약관에서 확인하세요. BJÖRKÖVIKEN 비에르셰비켄 앞판은 자작나무 무늬목으로 만들어 각 도어에 자연스러운 느낌과 함께 고급스러운 분위기를 더합니다. 조절식 경첩으로 도어의 방향을 자유롭게 선택할 수 있습니다. 선반의 높이와 간격을 조절하여 나에게 꼭 맞는 수납공간을 만들 수 있습니다. 손잡이는 별도 구매입니다.,MC-LT-076,694.329.21.jpg,화이트,all,living,all,10,244800,,,
BESTÅ 베스토 수납콤비네이션+도어 - 푀르발타레 화이트/스투바르프 화이트 120x42x74 cm,Mood Code,232000,LIVING_ROOM_TABLE,기타테이블,"10년 품질보증을 제공합니다. 자세한 내용은 품질보증서의 약관에서 확인하세요. 조절식 경첩으로 도어의 방향을 자유롭게 선택할 수 있습니다. 선반의 높이와 간격을 조절하여 나에게 꼭 맞는 수납공간을 만들 수 있습니다. 도어는 보호와 장식, 두 가지 기능이 있습니다. 우리 집과 수납콤비네이션에 잘 어울리는 도어를 골라보세요. 터치식 경첩과 완충기능을 갖추고 있어서 살짝만 밀어도 조용하고 부드럽게 닫힙니다. 손잡이는 별도 구매입니다.",MC-LT-077,495.976.54.jpg,화이트,all,living,all,10,208800,,,
VIHALS 비할스 다용도수납장 - 화이트 140x37x75 cm,Mood Code,229000,LIVING_ROOM_TABLE,기타테이블,"집 안 어디서든 단독으로 또는 다른 VIHALS 비할스 가구와 함께 사용하세요. 37cm 깊이여서 현관이나 작은 다이닝 장소처럼 협소한 공간에도 알맞은 거실장이에요. 좋아하는 물건은 거실장 위에 진열하고 너저분한 물건은 도어 뒤, 서랍 안에 감춰두세요. 서랍과 수납장 공간은 크고 작은 물건을 모두 넣을 수 있는 크기예요. 서랍 2개가 있어서 더욱 쉽게 정리할 수 있습니다. 도어 안쪽에도 선반이 있어서 더 많은 물건을 수납할 수 있어요.",MC-LT-078,104.917.19.jpg,화이트,all,living,all,10,206100,,,
IDANÄS 이다네스 다용도수납장 - 화이트 124x50x95 cm,Mood Code,499000,LIVING_ROOM_TABLE,기타테이블,이 다용도수납장을 IDANÄS 이다네스 시리즈의 다른 가구와 조합해서 집을 조화롭게 꾸며보세요. 연결촉을 구멍에 끼우기만 하면 되기 때문에 쉽고 빠르게 조립할 수 있습니다. 혁신적인 접이식 구조 덕분에 서랍을 쉽고 빠르게 조립할 수 있어요. 접이식 도어는 문을 열 때 공간이 많이 필요하지 않기 때문에 가구 주변의 공간을 넓게 활용할 수 있습니다. 조절식 선반 덕분에 필요에 따라 공간을 손쉽게 구성할 수 있습니다.,MC-LT-079,604.960.26.jpg,화이트,all,living,all,10,449100,,,
BESTÅ 베스토 수납콤비네이션+도어/서랍 - 블랙브라운 라프비켄/스투바르프/브라운 호두나무 무늬 120x42x74 cm,Mood Code,246000,LIVING_ROOM_TABLE,기타테이블,10년 품질보증을 제공합니다. 자세한 내용은 품질보증서의 약관에서 확인하세요. 조절식 경첩으로 도어의 방향을 자유롭게 선택할 수 있습니다. 터치식 서랍으로 살짝 밀면 부드럽게 열립니다. 선반의 위치를 조절해서 나에게 꼭 맞는 공간을 만들어보세요. 서랍 2개가 있어서 더욱 쉽게 정리할 수 있습니다. 도어 안쪽에도 선반이 있어서 더 많은 물건을 수납할 수 있어요.,MC-LT-080,296.121.94.jpg,블랙,winter,living,winter,10,221400,,,
BESTÅ 베스토 수납콤비네이션+도어/서랍 - 화이트스테인 참나무무늬/라프비켄 화이트 120x42x74 cm,Mood Code,246000,LIVING_ROOM_TABLE,기타테이블,10년 품질보증을 제공합니다. 자세한 내용은 품질보증서의 약관에서 확인하세요. 서랍과 도어에 완충기능이 내장되어 있어서 조용하고 부드럽게 닫힙니다. 조절식 경첩으로 도어의 방향을 자유롭게 선택할 수 있습니다. 선반의 위치를 조절해서 나에게 꼭 맞는 공간을 만들어보세요. 서랍 2개가 있어서 더욱 쉽게 정리할 수 있습니다. 도어 안쪽에도 선반이 있어서 더 많은 물건을 수납할 수 있어요. 손잡이는 별도 구매입니다.,MC-LT-081,291.873.37.jpg,화이트,all,living,all,10,221400,,,
BESTÅ 베스토 수납콤비네이션+도어/서랍 - 블랙브라운 헤데비켄/스투바르프/다크브라운 스테인 참나무 무늬목 120x42x74 cm,Mood Code,376000,LIVING_ROOM_TABLE,기타테이블,10년 품질보증을 제공합니다. 자세한 내용은 품질보증서의 약관에서 확인하세요. HEDEVIKEN 헤데비켄 도어의 뚜렷한 나뭇결을 이용해 BESTÅ 베스토 제품에 독특하고 다양한 패턴을 만들어 보세요. 서랍과 도어에 완충기능이 내장되어 있어서 조용하고 부드럽게 닫힙니다. 조절식 경첩으로 도어의 방향을 자유롭게 선택할 수 있습니다. 선반의 위치를 조절해서 나에게 꼭 맞는 공간을 만들어보세요.,MC-LT-082,194.404.38.jpg,블랙,winter,living,winter,10,338400,,,
BESTÅ 베스토 수납콤비네이션+도어/서랍 - 블랙브라운/라프비켄/스투바르프 블랙브라운 120x42x74 cm,Mood Code,246000,LIVING_ROOM_TABLE,기타테이블,10년 품질보증을 제공합니다. 자세한 내용은 품질보증서의 약관에서 확인하세요. 서랍과 도어에 완충기능이 내장되어 있어서 조용하고 부드럽게 닫힙니다. 조절식 경첩으로 도어의 방향을 자유롭게 선택할 수 있습니다. 선반의 위치를 조절해서 나에게 꼭 맞는 공간을 만들어보세요. 서랍 2개가 있어서 더욱 쉽게 정리할 수 있습니다. 도어 안쪽에도 선반이 있어서 더 많은 물건을 수납할 수 있어요. 손잡이는 별도 구매입니다.,MC-LT-083,991.873.29.jpg,블랙,winter,living,winter,10,221400,,,
BAGGEBO 바게보 다용도수납장 - 화이트 78x92 cm,Mood Code,70000,LIVING_ROOM_TABLE,기타테이블,다용도수납장의 실용적인 서랍에 냅킨과 양초를 수납하여 식사 공간에서 사용해 보세요. 현관에 두고 열쇠와 작은 물건을 보관할 수도 있죠. 각종 물건을 정리 정돈하여 집을 깔끔하게 유지할 수 있습니다. 좋아하는 장식품을 오픈 선반에 진열하고 자칫 어수선해 보일 수 있는 물건은 서랍이나 도어 뒤에 정리하세요. 수납함으로 정리할 수도 있어요. 집은 가족을 보호하는 안전한 장소여야 합니다. 그래서 본 서랍장 제품에는 벽 고정장치가 동봉되어 있습니다.,MC-LT-084,005.536.18.jpg,화이트,all,living,all,10,63000,,,
BESTÅ 베스토 수납콤비네이션+도어 - 화이트/피프마카레 화이트 120x42x75 cm,Mood Code,257000,LIVING_ROOM_TABLE,기타테이블,"10년 품질보증을 제공합니다. 자세한 내용은 품질보증서의 약관에서 확인하세요. 완충기능 또는 터치기능을 선택할 수 있습니다. 터치기능은 살짝만 열면 도어가 부드럽게 열리고, 완충식경첩을 달면 도어가 조용하고 부드럽게 닫힙니다. 도어는 보호와 장식, 두 가지 기능이 있습니다. 우리 집과 수납콤비네이션에 잘 어울리는 도어를 골라보세요. 선반의 높이와 간격을 조절하여 나에게 꼭 맞는 수납공간을 만들 수 있습니다.",MC-LT-085,495.980.69.jpg,화이트,all,living,all,10,231300,,,
BESTÅ 베스토 수납콤비네이션+도어 - 블랙브라운 라프비켄/스투바르프/브라운 호두나무 무늬 120x42x75 cm,Mood Code,217000,LIVING_ROOM_TABLE,기타테이블,"10년 품질보증을 제공합니다. 자세한 내용은 품질보증서의 약관에서 확인하세요. 완충기능 또는 터치기능을 선택할 수 있습니다. 터치기능은 살짝만 열면 도어가 부드럽게 열리고, 완충식경첩을 달면 도어가 조용하고 부드럽게 닫힙니다. 도어는 보호와 장식, 두 가지 기능이 있습니다. 우리 집과 수납콤비네이션에 잘 어울리는 도어를 골라보세요. 선반의 높이와 간격을 조절하여 나에게 꼭 맞는 수납공간을 만들 수 있습니다.",MC-LT-086,296.123.49.jpg,블랙,winter,living,winter,10,195300,,,
BESTÅ 베스토 수납콤비네이션+도어 - 화이트/크루크마카레 베이지 120x42x75 cm,Mood Code,267000,LIVING_ROOM_TABLE,기타테이블,"10년 품질보증을 제공합니다. 자세한 내용은 품질보증서의 약관에서 확인하세요. 완충기능 또는 터치기능을 선택할 수 있습니다. 터치기능은 살짝만 열면 도어가 부드럽게 열리고, 완충식경첩을 달면 도어가 조용하고 부드럽게 닫힙니다. 도어는 보호와 장식, 두 가지 기능이 있습니다. 우리 집과 수납콤비네이션에 잘 어울리는 도어를 골라보세요. 선반의 높이와 간격을 조절하여 나에게 꼭 맞는 수납공간을 만들 수 있습니다.",MC-LT-087,895.980.67.jpg,화이트,all,living,all,10,240300,,,
BESTÅ 베스토 수납콤비네이션+도어 - 화이트/푀르발타레 화이트 120x42x75 cm,Mood Code,257000,LIVING_ROOM_TABLE,기타테이블,"10년 품질보증을 제공합니다. 자세한 내용은 품질보증서의 약관에서 확인하세요. 완충기능 또는 터치기능을 선택할 수 있습니다. 터치기능은 살짝만 열면 도어가 부드럽게 열리고, 완충식경첩을 달면 도어가 조용하고 부드럽게 닫힙니다. 도어는 보호와 장식, 두 가지 기능이 있습니다. 우리 집과 수납콤비네이션에 잘 어울리는 도어를 골라보세요. 선반의 높이와 간격을 조절하여 나에게 꼭 맞는 수납공간을 만들 수 있습니다. 손잡이는 별도 구매입니다.",MC-LT-088,095.980.66.jpg,화이트,all,living,all,10,231300,,,
RÅDMANSÖ 로드만쇠 수납장 - 브라운 호두나무 무늬 118x49x103 cm,Mood Code,299000,LIVING_ROOM_TABLE,기타테이블,"RÅDMANSÖ 로드만쇠 수납장은 따뜻한 호두나무 색 나무 느낌의 가구로, 물건을 근사하게 보관하고 정리하고 전시할 수 있습니다. 황동 디자인의 손잡이와 딥블루 서랍 내부, 살짝 높고 공기가 잘 통하는 모습의 블랙 금속 다리 같은 세심한 디테일로 고급스러운 느낌이 강화되었습니다. 실용적인 서랍과 조절식 선반을 갖춘 똑똑하고 넉넉한 수납공간으로, 필요에 따라 공간을 맞춤 구성할 수 있어요. 전선을 어수선하지 않게 간단하고 효율적으로 정리할 수 있어요.",MC-LT-089,205.977.58.jpg,우드,fall,living,fall,10,269100,,,
FJÄLLBO 피엘보 다용도수납장 - 블랙 111x47x95 cm,Mood Code,349000,LIVING_ROOM_TABLE,기타테이블,"다용도수납장에는 다양한 물건을 보관할 수 있으며, 상단에는 근사하게 진열하고 식사 도중 서빙접시를 꺼내둘 수도 있어요. 식기도구 트레이와 수납상자를 다용도수납장에 추가하여 깔끔한 다이닝 공간을 보다 쉽게 유지하세요. 좋아하는 물건은 거실장 위에 진열하고 너저분한 물건은 도어 뒤, 서랍 안에 감춰두세요. FJÄLLBO/피엘보 시리즈의 다른 제품과 함께 사용할 수 있 습니다.",MC-LT-090,405.027.97.jpg,블랙,winter,living,winter,10,314100,,,
HAUGA 하우가 다용도수납장 - 화이트 140x46x84 cm,Mood Code,299000,LIVING_ROOM_TABLE,기타테이블,"집 전체에서 단독으로 사용할 수 있게 제작되었어요. HAUGA 하우가 시리즈의 다른 가구와 사용해 스타일을 조화롭게 바꾸거나 더 큰 수납 솔루션을 구성할 수도 있습니다. 유리도어를 달면 좋아하는 물건을 잘 보이게 놓아둘 수 있고 먼지도 쌓이지 않아요. HAUGA 하우가 시리즈를 대표하는 독특한 상단 선반은 클래식한 분위기를 자아냅니다. 가장자리가 높게 디자인되어 모자, 상자, 장식품은 물론 무엇을 올려두어도 떨어질 염려가 없어요.",MC-LT-091,806.214.92.jpg,화이트,all,living,all,10,269100,,,
HAUGA 하우가 다용도수납장 - 베이지 140x46x84 cm,Mood Code,299000,LIVING_ROOM_TABLE,기타테이블,"집 전체에서 단독으로 사용할 수 있게 제작되었어요. HAUGA 하우가 시리즈의 다른 가구와 사용해 스타일을 조화롭게 바꾸거나 더 큰 수납 솔루션을 구성할 수도 있습니다. 유리도어를 달면 좋아하는 물건을 잘 보이게 놓아둘 수 있고 먼지도 쌓이지 않아요. HAUGA 하우가 시리즈를 대표하는 독특한 상단 선반은 클래식한 분위기를 자아냅니다. 가장자리가 높게 디자인되어 모자, 상자, 장식품은 물론 무엇을 올려두어도 떨어질 염려가 없어요.",MC-LT-092,206.214.90.jpg,베이지,all,living,all,10,269100,,,
LIXHULT 릭스훌트 수납콤비네이션 - 그레이 120x35x57 cm,Mood Code,299000,LIVING_ROOM_TABLE,기타테이블,"수납장 문 안쪽에 중요한 자료, 편지, 신문 등을 정리해 둘 수 있습니다. 제품 구성에 포함된 다리를 연결해서 사용하거나 다리없이 바닥에 바로 두고 사용해도 됩니다. 35x60cm 및 60x35cm 크기의 수납장은 쌓을 수 있지만 벽에 장착할 수는 없습니다. 경고! 전복 위험 - 이 제품은 단단히 고정해야 합니다. 적합한 나사와 플러그를 사용하세요. 잘 모르겠으면 전문가에게 문의하세요. 본 제품은 안전상의 이유로 벽에 걸어서 사용할 수 없습니다.",MC-LT-093,992.791.78.jpg,그레이,winter,living,winter,10,269100,,,
SPIKSMED 스픽스메드 다용도수납장 - 라이트그레이 97x40x79 cm,Mood Code,129000,LIVING_ROOM_TABLE,기타테이블,"오픈 및 도어 수납을 모두 갖춘 깔끔한 라인의 수납장으로 쉽게 배치할 수 있어요. 서랍 두 개에는 수저 세트, 전자 용품, 열쇠뿐 아니라 자주 사용하는 물건을 수납하여 보관하세요. 미닫이도어는 수납이 필요한 곳에 쉽게 배치하면 수납 공간도 늘어나고 문을 열기 위한 공간을 남겨 두지 않아도 되므로 다른 가구를 배치할 공간도 더 넓어져요.",MC-LT-094,405.655.20.jpg,그레이,winter,living,winter,10,116100,,,
TONSTAD 톤스타드 미닫이수납장 - 참나무무늬목 82x37x120 cm,Mood Code,329000,LIVING_ROOM_TABLE,기타테이블,"일체형 손잡이는 깔끔한 라인과 우아한 디테일로 가구의 품격을 높여줍니다. 이동식 선반이 2개 있어 필요에 따라 수납공간을 간편하게 조절할 수 있습니다. 브러시드 무늬목을 적용하여 가구에서 고유한 느낌과 독특한 개성을 만끽할 수 있어요. TONSTAD 톤스타드 시리즈의 가구는 서로 잘 어울리도록 디자인되어 있어서 따로 사용해도 보기 좋고, 여러 개를 조합해서 개성 있는 나만의 솔루션을 만들 수도 있습니다.",MC-LT-095,904.892.32.jpg,우드,fall,living,fall,10,296100,,,
BESTÅ 베스토 수납콤비네이션+도어/서랍 - 화이트/크루크마카레 다크그레이-그린 120x42x75 cm,Mood Code,351000,LIVING_ROOM_TABLE,기타테이블,10년 품질보증을 제공합니다. 자세한 내용은 품질보증서의 약관에서 확인하세요. 서랍에 완충기능이 내장되어 있어서 조용하고 부드럽게 닫힙니다. 서랍 2개가 있어서 더욱 쉽게 정리할 수 있습니다. 도어 안쪽에도 선반이 있어서 더 많은 물건을 수납할 수 있어요. 선반의 위치를 조절해서 나에게 꼭 맞는 공간을 만들어보세요. 가구 높이가 적당해서 상단을 진열대로 쓰기에 좋습니다. 손잡이는 별도 구매입니다.,MC-LT-096,095.981.46.jpg,화이트,all,living,all,10,315900,,,
